policy_id,customer_age,property_value,premium_amount,property_location,construction_type,fire_alarm_installed,claim_amount,is_fraud
1,58,1012,7.18,Urban,Kayu,Ya,0.0,0
2,65,4567,29.25,Urban,Kayu,Ya,0.0,0
3,56,317,4.18,Rural,Beton,Ya,0.0,0
4,55,2378,26.96,Urban,Kayu,Ya,0.0,0
5,31,2857,50.6,Urban,Beton,Ya,0.0,0
6,69,455,8.57,Rural,Beton,Ya,229.88,0
7,74,3062,45.68,Rural,Beton,Ya,0.0,0
8,23,2007,35.15,Urban,Beton,Ya,0.0,0
9,40,1816,26.73,Rural,Beton,Tidak,0.0,0
10,28,4475,40.5,Rural,Beton,Ya,0.0,0
11,62,4662,77.58,Urban,Kayu,Tidak,0.0,0
12,20,2684,51.38,Suburban,Beton,Ya,0.0,0
13,38,1841,26.96,Rural,Beton,Tidak,0.0,0
14,26,2120,29.19,Rural,Kayu,Ya,0.0,0
15,43,3065,38.01,Urban,Campuran,Ya,0.0,0
16,73,998,11.31,Urban,Kayu,Tidak,566.0,1
17,47,4434,22.93,Suburban,Campuran,Tidak,0.0,0
18,61,4498,42.29,Suburban,Kayu,Ya,0.0,0
19,18,2257,14.89,Rural,Kayu,Ya,0.0,0
20,71,4258,31.61,Rural,Beton,Ya,0.0,0
21,51,104,1.97,Rural,Beton,Ya,0.0,0
22,71,2619,50.3,Urban,Beton,Tidak,1676.67,1
23,66,4463,59.12,Urban,Beton,Ya,0.0,0
24,73,3566,54.73,Urban,Campuran,Tidak,0.0,0
25,43,3159,27.54,Suburban,Campuran,Ya,994.21,1
26,55,1904,16.06,Urban,Beton,Ya,0.0,0
27,73,2806,34.46,Urban,Kayu,Ya,0.0,0
28,64,4777,81.75,Rural,Beton,Tidak,0.0,0
29,24,3631,57.86,Suburban,Beton,Ya,0.0,0
30,59,906,16.24,Urban,Beton,Ya,0.0,0
31,30,4493,53.64,Suburban,Beton,Ya,0.0,0
32,22,3730,48.9,Rural,Beton,Ya,1362.51,0
33,33,1462,16.1,Suburban,Beton,Ya,826.44,0
34,34,3827,76.28,Suburban,Beton,Tidak,0.0,0
35,63,4086,24.01,Urban,Beton,Ya,0.0,0
36,21,2669,50.15,Urban,Beton,Ya,0.0,0
37,21,4260,25.64,Urban,Campuran,Ya,0.0,0
38,43,1082,15.46,Rural,Beton,Ya,0.0,0
39,55,4730,71.17,Rural,Beton,Ya,0.0,0
40,34,3342,32.56,Urban,Kayu,Ya,0.0,0
41,22,176,1.14,Suburban,Kayu,Ya,0.0,0
42,50,2272,41.33,Urban,Campuran,Tidak,0.0,0
43,28,3689,73.07,Rural,Kayu,Ya,0.0,0
44,18,4643,84.37,Suburban,Campuran,Ya,0.0,0
45,74,976,13.73,Rural,Kayu,Ya,0.0,0
46,31,2262,40.02,Rural,Beton,Tidak,1349.29,1
47,18,2832,45.65,Urban,Kayu,Ya,0.0,0
48,45,4694,72.12,Urban,Beton,Tidak,0.0,0
49,20,3124,17.58,Rural,Kayu,Ya,0.0,0
50,68,426,2.79,Suburban,Beton,Ya,0.0,0
51,74,3429,29.32,Rural,Kayu,Tidak,0.0,0
52,69,1550,15.47,Suburban,Beton,Tidak,0.0,0
53,69,2132,22.89,Suburban,Beton,Tidak,1342.06,1
54,47,2964,24.73,Suburban,Campuran,Tidak,0.0,0
55,43,2789,25.62,Suburban,Campuran,Tidak,0.0,0
56,43,4492,87.85,Suburban,Campuran,Ya,0.0,0
57,34,413,6.94,Urban,Kayu,Ya,0.0,0
58,50,1047,5.93,Suburban,Campuran,Ya,0.0,0
59,51,4510,67.92,Rural,Kayu,Tidak,0.0,0
60,22,2804,44.29,Rural,Beton,Tidak,0.0,0
61,37,3445,23.8,Suburban,Beton,Ya,0.0,0
62,42,1525,26.7,Rural,Kayu,Ya,0.0,0
63,31,3621,42.1,Rural,Kayu,Ya,0.0,0
64,50,3976,50.62,Rural,Beton,Ya,0.0,0
65,39,865,6.91,Urban,Kayu,Ya,407.75,1
66,72,696,5.51,Suburban,Beton,Ya,0.0,0
67,49,3373,62.03,Urban,Beton,Ya,0.0,0
68,74,973,15.02,Suburban,Beton,Tidak,0.0,0
69,53,2141,32.14,Urban,Beton,Tidak,0.0,0
70,56,2699,33.93,Suburban,Kayu,Tidak,0.0,0
71,53,3752,33.35,Urban,Kayu,Ya,0.0,0
72,58,2371,27.5,Rural,Beton,Ya,0.0,0
73,33,2325,16.45,Suburban,Beton,Ya,0.0,0
74,62,1351,13.46,Rural,Beton,Ya,0.0,0
75,21,1794,34.43,Suburban,Beton,Tidak,1644.13,1
76,48,148,2.72,Suburban,Beton,Ya,0.0,0
77,52,4573,41.59,Rural,Campuran,Ya,0.0,0
78,42,2853,21.33,Rural,Kayu,Ya,0.0,0
79,26,4475,66.88,Urban,Campuran,Ya,2685.13,0
80,29,511,5.06,Suburban,Beton,Ya,0.0,0
81,42,2379,12.59,Suburban,Beton,Ya,0.0,0
82,40,1936,10.85,Rural,Beton,Tidak,915.92,0
83,57,1348,18.14,Urban,Beton,Ya,0.0,0
84,62,2199,35.67,Suburban,Beton,Ya,0.0,0
85,70,1441,13.95,Suburban,Beton,Ya,0.0,0
86,42,3349,58.47,Rural,Beton,Ya,0.0,0
87,62,2570,50.78,Rural,Kayu,Ya,0.0,0
88,40,4464,65.68,Suburban,Kayu,Ya,2651.8,1
89,45,3067,22.37,Rural,Campuran,Ya,0.0,0
90,51,2312,28.33,Rural,Campuran,Ya,0.0,0
91,64,4953,94.2,Suburban,Beton,Ya,0.0,0
92,46,2097,21.07,Suburban,Kayu,Ya,0.0,0
93,38,1589,16.06,Suburban,Beton,Tidak,0.0,0
94,62,2363,14.85,Rural,Beton,Tidak,0.0,0
95,49,4648,57.46,Urban,Kayu,Ya,0.0,0
96,23,2510,37.55,Urban,Beton,Ya,0.0,0
97,53,4449,44.32,Suburban,Beton,Tidak,0.0,0
98,35,2611,25.41,Suburban,Beton,Tidak,0.0,0
99,66,1616,25.64,Urban,Beton,Ya,0.0,0
100,51,4988,47.11,Suburban,Campuran,Tidak,0.0,0
101,37,215,4.22,Rural,Kayu,Ya,0.0,0
102,62,1134,20.51,Rural,Campuran,Ya,0.0,0
103,48,4021,35.33,Suburban,Beton,Tidak,0.0,0
104,25,635,9.71,Suburban,Beton,Ya,0.0,0
105,69,4710,62.98,Suburban,Beton,Ya,0.0,0
106,56,1948,18.43,Rural,Beton,Tidak,0.0,0
107,45,2601,41.88,Rural,Kayu,Ya,0.0,0
108,31,1828,13.91,Suburban,Kayu,Ya,551.82,1
109,56,3949,36.49,Suburban,Beton,Ya,0.0,0
110,22,2012,30.01,Suburban,Kayu,Ya,0.0,0
111,45,1040,9.34,Rural,Beton,Ya,0.0,0
112,21,1459,27.46,Suburban,Kayu,Tidak,0.0,0
113,47,2591,33.94,Rural,Beton,Ya,0.0,0
114,56,426,2.3,Suburban,Kayu,Ya,0.0,0
115,61,4812,72.59,Rural,Campuran,Tidak,0.0,0
116,20,1535,14.08,Suburban,Kayu,Ya,0.0,0
117,45,4128,40.52,Urban,Beton,Ya,0.0,0
118,28,2801,53.72,Suburban,Kayu,Ya,0.0,0
119,53,400,2.7,Suburban,Beton,Ya,0.0,0
120,73,4315,48.32,Urban,Kayu,Ya,0.0,0
121,41,4183,37.67,Rural,Beton,Ya,0.0,0
122,36,3689,53.31,Rural,Beton,Ya,0.0,0
123,63,1397,8.94,Suburban,Kayu,Ya,0.0,0
124,25,3880,73.68,Urban,Kayu,Ya,0.0,0
125,63,2339,20.25,Suburban,Campuran,Tidak,0.0,0
126,42,1661,29.83,Rural,Kayu,Tidak,0.0,0
127,68,3499,60.56,Suburban,Campuran,Ya,0.0,0
128,37,4908,35.48,Rural,Campuran,Ya,0.0,0
129,40,2823,53.62,Rural,Kayu,Ya,0.0,0
130,62,2056,22.95,Rural,Beton,Tidak,0.0,0
131,48,3223,47.64,Suburban,Campuran,Tidak,0.0,0
132,20,1134,7.38,Rural,Campuran,Ya,0.0,0
133,24,4408,79.63,Suburban,Beton,Ya,0.0,0
134,22,3946,58.19,Suburban,Beton,Ya,0.0,0
135,72,4471,81.87,Suburban,Campuran,Ya,0.0,0
136,52,394,7.41,Rural,Beton,Ya,0.0,0
137,65,840,13.07,Suburban,Campuran,Tidak,0.0,0
138,28,2553,24.0,Urban,Beton,Tidak,0.0,0
139,27,2100,16.17,Rural,Beton,Ya,0.0,0
140,57,3233,44.45,Rural,Kayu,Ya,0.0,0
141,58,2180,37.21,Suburban,Beton,Ya,0.0,0
142,61,4577,90.69,Urban,Beton,Tidak,0.0,0
143,45,2148,23.13,Suburban,Campuran,Ya,0.0,0
144,33,3224,49.94,Rural,Beton,Ya,2840.43,1
145,18,4736,88.37,Rural,Kayu,Tidak,0.0,0
146,71,2444,35.56,Urban,Kayu,Ya,0.0,0
147,61,1220,6.82,Rural,Beton,Ya,0.0,0
148,20,4847,45.69,Suburban,Kayu,Ya,0.0,0
149,29,1744,18.29,Urban,Kayu,Tidak,0.0,0
150,35,1447,28.23,Suburban,Campuran,Tidak,0.0,0
151,73,2874,46.88,Urban,Beton,Ya,0.0,0
152,61,3355,17.48,Rural,Beton,Tidak,0.0,0
153,47,3119,33.42,Rural,Kayu,Ya,0.0,0
154,41,987,18.03,Rural,Beton,Ya,0.0,0
155,57,1913,35.66,Rural,Beton,Tidak,0.0,0
156,44,1055,21.04,Urban,Beton,Ya,0.0,0
157,33,4503,86.64,Urban,Beton,Ya,0.0,0
158,52,3533,39.65,Rural,Kayu,Ya,2270.1,1
159,35,368,7.09,Rural,Beton,Ya,0.0,0
160,24,3109,18.37,Rural,Campuran,Ya,0.0,0
161,25,3825,53.39,Urban,Kayu,Ya,3254.14,1
162,26,4725,38.31,Urban,Beton,Tidak,0.0,0
163,73,2008,27.99,Suburban,Kayu,Tidak,0.0,0
164,27,1164,17.36,Rural,Beton,Ya,361.31,0
165,33,4923,33.98,Suburban,Beton,Ya,0.0,0
166,25,620,8.62,Suburban,Beton,Ya,0.0,0
167,32,455,5.83,Rural,Kayu,Tidak,0.0,0
168,19,598,3.96,Suburban,Campuran,Ya,0.0,0
169,46,702,4.84,Urban,Beton,Ya,0.0,0
170,55,4592,59.5,Rural,Beton,Tidak,0.0,0
171,56,3624,53.71,Urban,Kayu,Ya,0.0,0
172,53,1861,18.77,Suburban,Beton,Ya,0.0,0
173,44,878,9.32,Suburban,Beton,Ya,0.0,0
174,48,649,4.19,Urban,Campuran,Ya,0.0,0
175,69,1165,15.64,Rural,Beton,Tidak,0.0,0
176,44,2996,56.14,Rural,Campuran,Ya,1502.02,1
177,24,4834,40.43,Rural,Beton,Ya,0.0,0
178,72,4656,39.07,Suburban,Beton,Ya,0.0,0
179,53,4660,71.77,Urban,Kayu,Ya,2289.41,0
180,39,2975,44.21,Urban,Beton,Ya,2435.57,0
181,23,4445,32.72,Urban,Beton,Ya,0.0,0
182,38,4749,34.96,Rural,Beton,Ya,0.0,0
183,61,768,10.83,Suburban,Beton,Ya,0.0,0
184,31,4297,65.2,Urban,Beton,Ya,0.0,0
185,51,2626,15.29,Urban,Beton,Tidak,0.0,0
186,31,1224,15.25,Suburban,Beton,Ya,0.0,0
187,26,3214,56.25,Rural,Kayu,Ya,0.0,0
188,22,3352,63.08,Rural,Beton,Ya,0.0,0
189,54,3616,33.78,Rural,Beton,Ya,0.0,0
190,38,1507,15.71,Rural,Beton,Ya,0.0,0
191,24,2093,22.89,Suburban,Kayu,Ya,0.0,0
192,39,1915,27.76,Suburban,Kayu,Ya,0.0,0
193,30,2962,51.02,Suburban,Kayu,Tidak,0.0,0
194,27,2196,35.99,Urban,Beton,Ya,2121.13,0
195,47,4718,63.54,Rural,Beton,Tidak,0.0,0
196,57,2747,33.06,Rural,Beton,Ya,0.0,0
197,68,2350,22.69,Rural,Beton,Ya,0.0,0
198,21,3120,55.63,Suburban,Beton,Tidak,0.0,0
199,50,3249,52.26,Suburban,Kayu,Tidak,3042.15,1
200,54,1642,31.8,Suburban,Kayu,Ya,0.0,0
201,69,2913,16.28,Rural,Beton,Ya,0.0,0
202,46,4393,82.45,Rural,Kayu,Ya,0.0,0
203,67,2871,42.23,Rural,Kayu,Tidak,1051.23,1
204,61,3266,63.58,Suburban,Beton,Tidak,0.0,0
205,27,2830,29.0,Urban,Kayu,Ya,0.0,0
206,62,3310,31.92,Urban,Kayu,Tidak,0.0,0
207,68,2790,44.87,Urban,Kayu,Tidak,0.0,0
208,51,865,4.56,Rural,Kayu,Ya,0.0,0
209,31,2899,21.23,Suburban,Beton,Tidak,0.0,0
210,68,928,16.94,Rural,Kayu,Tidak,497.16,1
211,67,1173,20.49,Rural,Beton,Ya,0.0,0
212,69,1456,22.05,Rural,Beton,Ya,0.0,0
213,46,2434,20.9,Rural,Kayu,Ya,0.0,0
214,68,3942,77.92,Urban,Beton,Tidak,0.0,0
215,36,3228,55.69,Rural,Kayu,Tidak,0.0,0
216,26,2148,28.61,Urban,Kayu,Tidak,0.0,0
217,72,4326,39.33,Urban,Beton,Tidak,0.0,0
218,27,3683,43.34,Urban,Campuran,Ya,0.0,0
219,19,3498,37.75,Urban,Beton,Ya,1599.21,1
220,24,2846,49.65,Urban,Beton,Ya,0.0,0
221,26,3942,20.83,Suburban,Kayu,Tidak,0.0,0
222,27,4595,76.47,Rural,Kayu,Ya,0.0,0
223,25,491,5.82,Urban,Beton,Tidak,0.0,0
224,75,4194,57.15,Rural,Kayu,Ya,0.0,0
225,36,3616,40.67,Urban,Kayu,Ya,0.0,0
226,23,4388,55.33,Suburban,Beton,Ya,0.0,0
227,53,266,2.87,Suburban,Campuran,Ya,0.0,0
228,65,233,3.73,Suburban,Kayu,Ya,0.0,0
229,67,4866,50.04,Rural,Kayu,Ya,0.0,0
230,59,1534,22.21,Rural,Beton,Ya,0.0,0
231,22,3849,30.76,Urban,Beton,Ya,3669.48,1
232,70,4548,35.78,Suburban,Beton,Tidak,0.0,0
233,67,491,5.17,Rural,Beton,Ya,0.0,0
234,65,3702,56.94,Suburban,Beton,Ya,0.0,0
235,69,4353,26.92,Suburban,Campuran,Tidak,0.0,0
236,70,1578,15.65,Rural,Beton,Ya,0.0,0
237,46,3590,20.23,Urban,Kayu,Ya,0.0,0
238,40,3663,21.47,Suburban,Kayu,Tidak,0.0,0
239,43,3076,59.34,Rural,Campuran,Ya,0.0,0
240,56,3689,54.15,Urban,Beton,Ya,0.0,0
241,54,365,3.86,Rural,Beton,Ya,0.0,0
242,22,4801,70.78,Urban,Kayu,Ya,0.0,0
243,25,312,5.84,Rural,Beton,Ya,0.0,0
244,67,2232,20.72,Rural,Beton,Tidak,0.0,0
245,49,1739,13.2,Urban,Beton,Ya,0.0,0
246,23,2718,35.69,Rural,Beton,Ya,0.0,0
247,72,1390,10.58,Rural,Kayu,Tidak,0.0,0
248,32,1094,13.58,Urban,Kayu,Ya,0.0,0
249,54,3122,44.27,Suburban,Campuran,Ya,1612.52,0
250,64,4021,54.78,Rural,Beton,Ya,0.0,0
251,38,707,4.9,Suburban,Beton,Ya,0.0,0
252,53,4915,61.65,Urban,Kayu,Ya,0.0,0
253,71,1117,10.99,Rural,Beton,Ya,0.0,0
254,40,4350,63.19,Suburban,Campuran,Ya,0.0,0
255,26,2580,19.43,Rural,Kayu,Ya,0.0,0
256,27,1502,15.12,Rural,Kayu,Tidak,0.0,0
257,20,332,4.53,Urban,Beton,Ya,0.0,0
258,67,4786,87.75,Suburban,Kayu,Ya,0.0,0
259,59,2574,28.55,Suburban,Beton,Tidak,0.0,0
260,62,590,4.76,Urban,Beton,Ya,0.0,0
261,38,2715,29.81,Rural,Campuran,Ya,0.0,0
262,50,4701,42.37,Urban,Beton,Ya,0.0,0
263,24,514,5.79,Suburban,Campuran,Tidak,0.0,0
264,75,1408,11.05,Suburban,Campuran,Tidak,0.0,0
265,50,3924,24.92,Suburban,Campuran,Ya,0.0,0
266,47,2072,19.1,Urban,Kayu,Ya,0.0,0
267,71,3955,45.34,Suburban,Kayu,Tidak,0.0,0
268,64,3096,41.96,Suburban,Beton,Ya,0.0,0
269,53,2464,32.64,Urban,Beton,Ya,0.0,0
270,57,1073,18.16,Urban,Campuran,Ya,0.0,0
271,41,1281,7.18,Urban,Kayu,Ya,1024.18,0
272,51,3843,38.12,Urban,Kayu,Ya,0.0,0
273,28,3319,33.34,Rural,Kayu,Ya,0.0,0
274,52,4112,21.59,Rural,Kayu,Ya,0.0,0
275,25,3512,63.5,Rural,Beton,Tidak,0.0,0
276,56,3987,66.35,Suburban,Campuran,Tidak,0.0,0
277,64,520,8.23,Rural,Beton,Ya,0.0,0
278,42,1310,20.32,Rural,Beton,Ya,0.0,0
279,46,2669,29.77,Suburban,Beton,Ya,0.0,0
280,48,610,6.02,Rural,Beton,Ya,0.0,0
281,51,3186,41.41,Suburban,Campuran,Ya,0.0,0
282,61,2265,20.8,Rural,Beton,Tidak,0.0,0
283,37,2467,24.07,Rural,Beton,Tidak,0.0,0
284,68,2340,25.03,Suburban,Beton,Ya,0.0,0
285,70,2927,45.99,Urban,Beton,Ya,0.0,0
286,46,2200,28.77,Rural,Beton,Ya,0.0,0
287,62,2325,19.97,Urban,Beton,Tidak,2170.69,1
288,32,530,3.45,Urban,Beton,Tidak,0.0,0
289,18,4608,83.75,Urban,Beton,Tidak,0.0,0
290,30,2453,40.55,Suburban,Beton,Ya,0.0,0
291,32,4483,83.83,Rural,Kayu,Tidak,0.0,0
292,74,1540,19.14,Urban,Campuran,Ya,0.0,0
293,73,2471,16.33,Urban,Beton,Ya,0.0,0
294,36,3822,72.92,Rural,Kayu,Ya,0.0,0
295,47,2335,37.28,Urban,Campuran,Ya,0.0,0
296,63,1625,21.96,Urban,Kayu,Tidak,0.0,0
297,29,3421,51.45,Suburban,Kayu,Ya,0.0,0
298,26,4011,43.13,Suburban,Campuran,Ya,0.0,0
299,35,2800,24.99,Suburban,Kayu,Ya,0.0,0
300,33,608,6.74,Rural,Beton,Ya,0.0,0
301,75,2647,24.95,Rural,Beton,Tidak,0.0,0
302,32,1194,16.82,Suburban,Beton,Tidak,0.0,0
303,53,3957,65.01,Rural,Campuran,Tidak,0.0,0
304,56,770,4.75,Rural,Beton,Tidak,0.0,0
305,21,4586,34.25,Rural,Beton,Ya,0.0,0
306,46,1052,6.7,Rural,Beton,Ya,0.0,0
307,69,555,7.47,Suburban,Beton,Ya,0.0,0
308,61,2624,13.24,Rural,Beton,Ya,0.0,0
309,22,471,9.38,Suburban,Beton,Ya,0.0,0
310,22,3967,27.89,Urban,Beton,Ya,0.0,0
311,64,3543,63.93,Suburban,Campuran,Ya,0.0,0
312,42,757,5.3,Rural,Campuran,Tidak,0.0,0
313,25,1562,30.74,Rural,Beton,Ya,0.0,0
314,66,286,3.25,Suburban,Beton,Tidak,0.0,0
315,32,2127,40.54,Suburban,Beton,Ya,0.0,0
316,25,363,6.63,Rural,Beton,Tidak,161.27,1
317,20,3757,32.58,Rural,Kayu,Tidak,2281.53,1
318,52,1879,15.99,Urban,Beton,Tidak,0.0,0
319,54,2712,26.6,Rural,Kayu,Ya,0.0,0
320,27,4370,58.34,Urban,Beton,Ya,0.0,0
321,65,1534,8.75,Rural,Kayu,Ya,0.0,0
322,59,3222,23.32,Rural,Beton,Ya,0.0,0
323,66,4506,80.49,Suburban,Beton,Ya,0.0,0
324,47,572,7.41,Rural,Beton,Ya,0.0,0
325,34,1765,31.25,Suburban,Kayu,Tidak,1424.72,1
326,30,522,2.92,Suburban,Beton,Ya,450.62,1
327,60,4678,46.75,Urban,Beton,Tidak,0.0,0
328,18,1835,36.69,Urban,Campuran,Ya,0.0,0
329,33,1775,29.52,Suburban,Campuran,Ya,0.0,0
330,52,3043,37.91,Suburban,Beton,Ya,3003.21,1
331,71,2723,36.59,Urban,Beton,Ya,0.0,0
332,27,232,3.67,Suburban,Kayu,Ya,0.0,0
333,30,2802,35.0,Urban,Beton,Tidak,0.0,0
334,61,2865,45.42,Suburban,Kayu,Ya,0.0,0
335,47,1478,23.36,Rural,Kayu,Ya,0.0,0
336,74,4541,79.86,Rural,Campuran,Ya,3962.46,1
337,18,3478,54.28,Urban,Campuran,Ya,2274.66,1
338,57,4058,53.87,Rural,Beton,Ya,2721.26,1
339,36,240,4.1,Rural,Campuran,Ya,0.0,0
340,24,889,11.47,Rural,Beton,Ya,0.0,0
341,35,3351,45.15,Urban,Beton,Ya,0.0,0
342,32,2557,50.82,Rural,Campuran,Ya,0.0,0
343,20,865,5.05,Suburban,Beton,Ya,363.27,1
344,45,2813,51.82,Rural,Campuran,Tidak,0.0,0
345,32,1831,10.43,Rural,Campuran,Ya,1735.62,0
346,54,369,7.17,Urban,Campuran,Ya,0.0,0
347,66,3362,45.39,Urban,Beton,Ya,0.0,0
348,61,4528,76.33,Suburban,Beton,Tidak,0.0,0
349,23,4202,48.56,Rural,Campuran,Ya,0.0,0
350,39,4979,72.25,Suburban,Campuran,Ya,0.0,0
351,46,4119,47.28,Urban,Beton,Tidak,0.0,0
352,60,3213,27.94,Urban,Kayu,Ya,1566.6,1
353,68,1363,8.69,Rural,Beton,Ya,0.0,0
354,46,3048,34.94,Suburban,Beton,Ya,0.0,0
355,50,3442,22.01,Urban,Beton,Ya,0.0,0
356,38,3255,20.41,Urban,Beton,Ya,0.0,0
357,75,2088,15.75,Rural,Kayu,Ya,0.0,0
358,35,4139,46.84,Urban,Beton,Ya,0.0,0
359,22,3058,38.03,Suburban,Campuran,Tidak,0.0,0
360,47,976,9.74,Urban,Beton,Tidak,0.0,0
361,69,2799,50.08,Suburban,Beton,Tidak,0.0,0
362,26,2561,31.21,Suburban,Kayu,Ya,0.0,0
363,43,2714,52.97,Suburban,Kayu,Ya,0.0,0
364,38,3180,21.33,Suburban,Campuran,Ya,0.0,0
365,55,4569,88.16,Urban,Kayu,Ya,0.0,0
366,63,1817,10.97,Suburban,Kayu,Tidak,0.0,0
367,68,3451,29.78,Rural,Beton,Ya,0.0,0
368,63,3566,43.46,Suburban,Beton,Tidak,0.0,0
369,50,3526,54.74,Rural,Beton,Tidak,0.0,0
370,56,796,8.22,Urban,Kayu,Ya,0.0,0
371,20,4713,76.78,Rural,Kayu,Ya,0.0,0
372,45,967,15.67,Urban,Beton,Ya,0.0,0
373,62,4812,79.81,Urban,Beton,Ya,0.0,0
374,50,1334,12.58,Suburban,Campuran,Ya,0.0,0
375,23,1050,12.42,Rural,Beton,Ya,0.0,0
376,48,2953,34.81,Suburban,Beton,Tidak,978.26,0
377,19,2910,55.14,Rural,Beton,Tidak,0.0,0
378,51,1529,29.63,Rural,Beton,Ya,0.0,0
379,43,1611,8.76,Urban,Kayu,Ya,0.0,0
380,30,3782,31.1,Rural,Beton,Ya,0.0,0
381,63,612,4.78,Rural,Beton,Tidak,0.0,0
382,47,1033,20.13,Suburban,Kayu,Ya,0.0,0
383,42,3315,39.34,Rural,Beton,Ya,0.0,0
384,61,2536,24.59,Rural,Kayu,Ya,0.0,0
385,25,1599,18.03,Suburban,Kayu,Ya,0.0,0
386,42,3565,66.98,Urban,Beton,Ya,0.0,0
387,29,4645,45.14,Urban,Beton,Ya,0.0,0
388,21,3041,32.72,Urban,Beton,Ya,0.0,0
389,59,4154,73.1,Suburban,Kayu,Ya,0.0,0
390,23,4731,25.98,Urban,Kayu,Ya,0.0,0
391,36,1477,18.36,Suburban,Kayu,Tidak,0.0,0
392,54,1035,10.87,Suburban,Kayu,Tidak,0.0,0
393,20,3715,59.59,Rural,Beton,Ya,0.0,0
394,33,2538,43.78,Urban,Beton,Ya,0.0,0
395,25,2041,20.94,Urban,Campuran,Ya,0.0,0
396,58,3607,62.05,Urban,Kayu,Tidak,0.0,0
397,54,2973,29.3,Rural,Beton,Ya,0.0,0
398,36,4791,88.64,Suburban,Campuran,Ya,0.0,0
399,26,3471,23.96,Urban,Campuran,Tidak,0.0,0
400,33,1298,22.91,Rural,Beton,Ya,0.0,0
401,27,4830,56.9,Rural,Beton,Ya,0.0,0
402,74,862,16.42,Suburban,Kayu,Ya,0.0,0
403,49,2781,44.47,Rural,Beton,Tidak,0.0,0
404,47,3034,59.23,Urban,Kayu,Ya,0.0,0
405,49,2299,31.43,Suburban,Campuran,Ya,0.0,0
406,49,2915,41.95,Rural,Kayu,Ya,0.0,0
407,19,1117,21.64,Urban,Beton,Ya,0.0,0
408,62,1180,21.42,Rural,Beton,Tidak,651.72,1
409,60,1455,22.54,Urban,Beton,Ya,0.0,0
410,59,847,5.23,Rural,Beton,Ya,0.0,0
411,51,3745,25.5,Urban,Beton,Ya,0.0,0
412,62,1182,18.87,Suburban,Beton,Ya,0.0,0
413,38,3111,50.7,Suburban,Beton,Tidak,0.0,0
414,61,1270,18.73,Urban,Kayu,Ya,0.0,0
415,64,1845,26.27,Rural,Kayu,Tidak,0.0,0
416,31,810,12.92,Urban,Beton,Ya,0.0,0
417,45,2676,23.34,Urban,Beton,Ya,0.0,0
418,64,2434,44.15,Rural,Beton,Tidak,0.0,0
419,56,4274,24.87,Urban,Kayu,Ya,0.0,0
420,33,4154,57.78,Suburban,Beton,Ya,0.0,0
421,18,3058,41.36,Suburban,Beton,Tidak,0.0,0
422,61,1515,7.95,Suburban,Campuran,Tidak,732.55,1
423,21,3360,55.46,Rural,Beton,Tidak,0.0,0
424,43,775,7.1,Rural,Kayu,Ya,0.0,0
425,50,1764,25.6,Urban,Kayu,Ya,0.0,0
426,61,641,11.34,Suburban,Kayu,Tidak,230.98,1
427,45,1050,15.74,Suburban,Kayu,Ya,0.0,0
428,29,1078,8.04,Urban,Kayu,Tidak,0.0,0
429,51,4337,70.46,Rural,Beton,Ya,0.0,0
430,64,1067,13.72,Urban,Beton,Ya,0.0,0
431,54,731,9.13,Suburban,Beton,Ya,0.0,0
432,41,1388,20.98,Suburban,Kayu,Tidak,0.0,0
433,65,4268,37.0,Urban,Beton,Tidak,0.0,0
434,42,1329,17.67,Urban,Campuran,Tidak,0.0,0
435,65,3535,55.87,Urban,Beton,Ya,0.0,0
436,22,4782,27.69,Suburban,Beton,Ya,0.0,0
437,51,476,4.4,Suburban,Beton,Ya,0.0,0
438,38,807,7.56,Rural,Beton,Ya,0.0,0
439,65,2087,41.67,Suburban,Beton,Tidak,0.0,0
440,64,4577,24.53,Urban,Beton,Tidak,0.0,0
441,58,178,3.16,Suburban,Beton,Ya,0.0,0
442,24,1780,34.56,Rural,Campuran,Ya,0.0,0
443,27,2392,42.3,Urban,Beton,Ya,0.0,0
444,75,3151,20.27,Suburban,Campuran,Ya,0.0,0
445,70,3330,49.74,Urban,Kayu,Ya,0.0,0
446,36,2238,39.12,Suburban,Campuran,Ya,0.0,0
447,46,2327,38.86,Urban,Beton,Ya,0.0,0
448,27,965,6.57,Urban,Beton,Ya,0.0,0
449,67,1800,12.24,Suburban,Beton,Ya,0.0,0
450,61,2592,45.46,Rural,Kayu,Ya,0.0,0
451,23,2133,20.23,Suburban,Beton,Ya,0.0,0
452,29,354,4.69,Suburban,Campuran,Ya,131.45,0
453,25,197,1.37,Urban,Campuran,Tidak,0.0,0
454,41,788,4.83,Rural,Kayu,Tidak,0.0,0
455,30,3732,63.94,Urban,Beton,Tidak,0.0,0
456,47,514,8.16,Urban,Campuran,Ya,0.0,0
457,42,3595,32.8,Urban,Beton,Tidak,0.0,0
458,27,383,3.61,Rural,Kayu,Ya,0.0,0
459,53,4024,45.43,Urban,Beton,Ya,0.0,0
460,69,4407,74.58,Urban,Kayu,Tidak,0.0,0
461,68,3041,56.84,Suburban,Kayu,Ya,0.0,0
462,42,2315,12.59,Urban,Beton,Ya,0.0,0
463,35,579,11.58,Suburban,Kayu,Tidak,0.0,0
464,24,2130,35.93,Rural,Beton,Ya,0.0,0
465,66,1897,19.58,Rural,Campuran,Tidak,0.0,0
466,72,1523,24.48,Urban,Beton,Ya,0.0,0
467,55,331,4.45,Rural,Kayu,Tidak,0.0,0
468,30,4132,26.25,Rural,Beton,Ya,0.0,0
469,32,263,3.74,Rural,Beton,Ya,0.0,0
470,39,1553,24.18,Suburban,Beton,Ya,0.0,0
471,25,4411,84.38,Suburban,Campuran,Ya,0.0,0
472,24,2857,45.67,Suburban,Beton,Tidak,0.0,0
473,58,4091,54.94,Rural,Beton,Tidak,0.0,0
474,57,3023,32.27,Urban,Kayu,Tidak,0.0,0
475,36,1143,21.98,Urban,Kayu,Tidak,0.0,0
476,67,4748,81.34,Urban,Beton,Ya,0.0,0
477,58,4732,76.56,Urban,Campuran,Ya,0.0,0
478,38,1475,23.06,Rural,Campuran,Ya,0.0,0
479,74,2850,43.88,Suburban,Beton,Ya,0.0,0
480,68,985,15.75,Rural,Beton,Ya,0.0,0
481,74,3491,37.11,Suburban,Campuran,Ya,0.0,0
482,68,4835,56.9,Rural,Kayu,Ya,0.0,0
483,20,2515,15.37,Urban,Beton,Tidak,0.0,0
484,42,1418,27.89,Rural,Beton,Tidak,0.0,0
485,57,4054,30.3,Rural,Beton,Tidak,0.0,0
486,28,538,5.99,Urban,Beton,Tidak,0.0,0
487,64,4524,29.13,Suburban,Kayu,Ya,0.0,0
488,53,4121,26.02,Urban,Beton,Ya,0.0,0
489,58,4034,58.79,Urban,Beton,Ya,0.0,0
490,48,1046,19.27,Suburban,Kayu,Ya,0.0,0
491,59,4557,48.04,Suburban,Beton,Tidak,0.0,0
492,34,3702,49.84,Suburban,Beton,Tidak,0.0,0
493,62,892,10.0,Urban,Kayu,Tidak,0.0,0
494,32,4635,52.28,Urban,Campuran,Tidak,0.0,0
495,73,3989,24.67,Rural,Campuran,Ya,0.0,0
496,63,384,5.21,Rural,Kayu,Ya,0.0,0
497,27,1085,21.25,Suburban,Beton,Tidak,0.0,0
498,26,449,3.6,Suburban,Beton,Ya,0.0,0
499,27,4974,85.11,Suburban,Beton,Tidak,3429.35,1
500,72,2362,39.68,Rural,Beton,Tidak,0.0,0
501,51,3537,48.88,Urban,Beton,Ya,0.0,0
502,24,965,17.38,Rural,Kayu,Tidak,0.0,0
503,74,3466,48.99,Suburban,Beton,Ya,1708.01,1
504,56,3390,52.06,Urban,Beton,Tidak,2144.69,1
505,41,265,2.44,Suburban,Campuran,Ya,0.0,0
506,62,904,10.53,Urban,Beton,Tidak,0.0,0
507,35,3514,28.71,Rural,Kayu,Ya,0.0,0
508,65,4068,51.78,Rural,Campuran,Tidak,0.0,0
509,37,4251,77.33,Suburban,Beton,Tidak,1848.91,0
510,71,572,5.95,Urban,Beton,Ya,0.0,0
511,41,3902,59.38,Rural,Beton,Tidak,0.0,0
512,49,4966,68.55,Suburban,Beton,Tidak,0.0,0
513,28,2218,12.0,Rural,Campuran,Ya,1991.04,0
514,31,1913,28.26,Rural,Beton,Ya,0.0,0
515,73,172,2.41,Suburban,Campuran,Ya,81.99,0
516,37,2355,27.99,Suburban,Campuran,Tidak,0.0,0
517,37,4365,55.32,Rural,Beton,Ya,0.0,0
518,71,3165,30.0,Rural,Kayu,Ya,0.0,0
519,22,2854,25.45,Suburban,Kayu,Tidak,0.0,0
520,75,2547,47.11,Urban,Beton,Tidak,0.0,0
521,69,3410,18.35,Rural,Beton,Ya,0.0,0
522,36,2225,30.58,Suburban,Beton,Tidak,0.0,0
523,70,1655,21.55,Suburban,Kayu,Ya,0.0,0
524,60,3036,45.13,Rural,Beton,Ya,0.0,0
525,36,899,15.4,Suburban,Beton,Ya,0.0,0
526,29,2849,46.05,Rural,Beton,Ya,0.0,0
527,68,2814,50.0,Suburban,Beton,Ya,0.0,0
528,73,4880,89.51,Rural,Campuran,Ya,0.0,0
529,73,3226,57.47,Rural,Beton,Ya,0.0,0
530,30,2907,57.56,Suburban,Campuran,Tidak,0.0,0
531,73,1577,12.07,Urban,Beton,Ya,0.0,0
532,18,3803,51.89,Suburban,Beton,Tidak,0.0,0
533,68,821,9.07,Urban,Kayu,Ya,0.0,0
534,42,138,2.66,Urban,Kayu,Tidak,0.0,0
535,66,4450,71.22,Urban,Beton,Ya,0.0,0
536,74,2920,40.38,Suburban,Beton,Ya,0.0,0
537,70,474,6.07,Suburban,Campuran,Ya,0.0,0
538,45,1196,19.44,Suburban,Campuran,Ya,0.0,0
539,69,3404,23.72,Urban,Beton,Tidak,0.0,0
540,55,4233,71.46,Urban,Beton,Tidak,0.0,0
541,58,2195,12.55,Rural,Kayu,Ya,0.0,0
542,71,261,2.79,Urban,Kayu,Ya,0.0,0
543,48,1354,12.89,Urban,Kayu,Ya,0.0,0
544,60,4362,49.21,Suburban,Kayu,Tidak,0.0,0
545,50,1064,8.49,Suburban,Beton,Ya,0.0,0
546,34,4385,32.47,Urban,Beton,Ya,0.0,0
547,31,4037,25.57,Suburban,Beton,Ya,0.0,0
548,54,4147,25.4,Urban,Campuran,Tidak,0.0,0
549,75,2196,20.73,Rural,Beton,Tidak,0.0,0
550,24,1531,23.2,Urban,Campuran,Ya,0.0,0
551,25,878,12.91,Urban,Beton,Ya,0.0,0
552,75,3685,39.02,Rural,Beton,Tidak,0.0,0
553,25,3383,36.49,Suburban,Campuran,Ya,0.0,0
554,69,3554,24.83,Rural,Campuran,Ya,0.0,0
555,72,1405,23.93,Urban,Beton,Ya,0.0,0
556,29,3210,58.42,Suburban,Kayu,Tidak,0.0,0
557,75,1170,13.07,Suburban,Campuran,Ya,565.26,1
558,63,4399,86.52,Rural,Kayu,Ya,0.0,0
559,39,4352,50.02,Rural,Kayu,Ya,0.0,0
560,48,2932,51.56,Rural,Kayu,Ya,0.0,0
561,57,547,9.7,Urban,Kayu,Ya,0.0,0
562,73,1454,14.49,Urban,Kayu,Ya,0.0,0
563,50,1924,16.4,Rural,Kayu,Ya,0.0,0
564,69,4794,46.7,Suburban,Beton,Ya,0.0,0
565,65,245,3.24,Urban,Beton,Ya,0.0,0
566,68,2595,30.73,Rural,Kayu,Ya,0.0,0
567,70,544,8.98,Urban,Campuran,Ya,0.0,0
568,63,3076,45.78,Rural,Beton,Ya,1687.49,0
569,69,2491,14.17,Rural,Kayu,Tidak,0.0,0
570,26,3452,23.51,Urban,Beton,Ya,0.0,0
571,31,3844,43.12,Urban,Kayu,Ya,0.0,0
572,71,4923,73.24,Urban,Kayu,Ya,0.0,0
573,26,4186,79.66,Urban,Kayu,Ya,0.0,0
574,48,4264,73.46,Urban,Kayu,Ya,0.0,0
575,60,2736,38.67,Rural,Campuran,Ya,0.0,0
576,33,2341,27.61,Suburban,Campuran,Tidak,0.0,0
577,44,4296,41.71,Suburban,Campuran,Ya,0.0,0
578,53,1880,28.76,Urban,Beton,Tidak,0.0,0
579,26,1556,24.36,Rural,Kayu,Ya,0.0,0
580,53,4035,45.44,Rural,Kayu,Ya,0.0,0
581,71,4473,23.22,Suburban,Campuran,Ya,0.0,0
582,42,1290,20.97,Urban,Kayu,Ya,0.0,0
583,36,2152,20.29,Urban,Campuran,Ya,0.0,0
584,20,3038,48.89,Suburban,Beton,Tidak,0.0,0
585,65,4697,79.77,Suburban,Beton,Tidak,0.0,0
586,60,484,9.5,Suburban,Beton,Tidak,0.0,0
587,53,540,9.74,Urban,Kayu,Ya,0.0,0
588,46,1947,31.79,Rural,Kayu,Ya,0.0,0
589,56,1709,13.09,Rural,Campuran,Ya,0.0,0
590,29,1523,17.4,Rural,Kayu,Ya,0.0,0
591,26,1418,17.01,Rural,Campuran,Ya,0.0,0
592,20,1359,19.54,Suburban,Kayu,Tidak,0.0,0
593,37,4118,64.3,Rural,Kayu,Ya,0.0,0
594,29,4364,57.37,Urban,Kayu,Ya,0.0,0
595,40,1912,17.98,Urban,Kayu,Ya,0.0,0
596,57,4445,87.64,Suburban,Campuran,Tidak,3414.9,1
597,75,2097,39.3,Urban,Kayu,Ya,0.0,0
598,42,2201,28.07,Rural,Kayu,Ya,0.0,0
599,50,4267,63.04,Suburban,Beton,Ya,0.0,0
600,23,886,11.52,Urban,Campuran,Tidak,0.0,0
601,31,1846,24.12,Rural,Beton,Ya,0.0,0
602,65,3665,56.04,Rural,Campuran,Ya,2938.63,1
603,22,544,7.41,Urban,Kayu,Ya,0.0,0
604,34,3439,33.52,Suburban,Beton,Ya,0.0,0
605,25,4481,73.22,Urban,Kayu,Ya,0.0,0
606,62,694,11.66,Suburban,Campuran,Ya,0.0,0
607,23,2406,13.14,Suburban,Beton,Tidak,0.0,0
608,32,1217,16.05,Rural,Beton,Tidak,0.0,0
609,27,2541,45.76,Rural,Campuran,Tidak,0.0,0
610,18,4634,62.98,Rural,Beton,Ya,0.0,0
611,53,797,12.66,Suburban,Beton,Tidak,0.0,0
612,75,4298,75.31,Urban,Beton,Ya,0.0,0
613,29,4747,94.54,Urban,Campuran,Tidak,0.0,0
614,53,699,5.56,Suburban,Kayu,Ya,0.0,0
615,39,3025,28.06,Urban,Kayu,Ya,1317.23,1
616,39,2604,27.26,Rural,Kayu,Ya,0.0,0
617,45,1481,23.23,Urban,Beton,Tidak,0.0,0
618,35,3044,37.13,Urban,Kayu,Ya,0.0,0
619,67,2602,36.69,Suburban,Kayu,Ya,0.0,0
620,72,1246,17.94,Rural,Beton,Tidak,0.0,0
621,75,252,3.45,Rural,Kayu,Tidak,0.0,0
622,31,400,5.24,Rural,Beton,Tidak,0.0,0
623,27,3096,49.53,Suburban,Beton,Tidak,0.0,0
624,47,4205,21.69,Rural,Beton,Ya,0.0,0
625,69,1458,19.68,Rural,Beton,Ya,0.0,0
626,73,1297,7.27,Rural,Kayu,Tidak,0.0,0
627,32,614,4.97,Suburban,Beton,Ya,0.0,0
628,41,3279,18.36,Suburban,Campuran,Tidak,0.0,0
629,24,4371,39.12,Rural,Campuran,Tidak,0.0,0
630,29,3185,58.84,Rural,Beton,Ya,1516.41,0
631,32,4330,53.27,Suburban,Beton,Tidak,0.0,0
632,56,154,1.3,Rural,Campuran,Ya,0.0,0
633,35,1832,28.87,Urban,Beton,Ya,0.0,0
634,32,3496,42.59,Suburban,Kayu,Ya,0.0,0
635,28,3466,48.13,Urban,Beton,Ya,0.0,0
636,50,421,7.93,Rural,Beton,Ya,0.0,0
637,43,4717,70.41,Rural,Beton,Tidak,0.0,0
638,23,1874,22.91,Suburban,Kayu,Ya,0.0,0
639,44,1269,18.9,Rural,Campuran,Ya,0.0,0
640,64,2907,31.03,Suburban,Kayu,Ya,0.0,0
641,19,1757,19.85,Rural,Campuran,Ya,0.0,0
642,24,1553,28.21,Suburban,Campuran,Ya,0.0,0
643,66,1062,14.92,Urban,Beton,Ya,0.0,0
644,75,3634,56.2,Rural,Beton,Tidak,0.0,0
645,69,4049,75.38,Suburban,Beton,Tidak,0.0,0
646,54,900,7.64,Suburban,Beton,Ya,0.0,0
647,36,4554,73.57,Suburban,Beton,Ya,3031.96,1
648,42,1782,11.76,Rural,Campuran,Ya,0.0,0
649,55,2177,22.83,Suburban,Campuran,Ya,0.0,0
650,61,3355,41.06,Urban,Beton,Tidak,0.0,0
651,53,4062,67.48,Suburban,Campuran,Ya,0.0,0
652,26,1075,20.68,Rural,Beton,Tidak,0.0,0
653,50,3381,51.62,Suburban,Campuran,Ya,1935.19,0
654,69,846,5.35,Urban,Beton,Ya,0.0,0
655,41,755,14.92,Rural,Beton,Ya,0.0,0
656,51,2446,40.61,Rural,Campuran,Ya,0.0,0
657,49,3696,63.05,Urban,Beton,Ya,0.0,0
658,20,4282,64.7,Rural,Kayu,Ya,0.0,0
659,59,102,1.12,Urban,Beton,Ya,0.0,0
660,43,4901,29.55,Urban,Kayu,Tidak,2446.31,1
661,71,4680,42.81,Rural,Beton,Tidak,0.0,0
662,30,3825,42.48,Suburban,Kayu,Ya,0.0,0
663,22,4221,53.6,Suburban,Beton,Ya,0.0,0
664,52,4809,64.67,Suburban,Kayu,Tidak,0.0,0
665,66,2882,51.68,Suburban,Kayu,Tidak,0.0,0
666,34,653,9.9,Suburban,Kayu,Tidak,0.0,0
667,38,3478,60.8,Suburban,Kayu,Ya,0.0,0
668,23,3368,44.86,Rural,Kayu,Ya,0.0,0
669,38,2996,57.54,Urban,Campuran,Ya,0.0,0
670,30,4187,75.75,Rural,Beton,Tidak,0.0,0
671,30,2145,14.58,Rural,Beton,Tidak,2078.6,1
672,18,4535,44.13,Urban,Campuran,Ya,0.0,0
673,74,4806,90.06,Suburban,Beton,Tidak,0.0,0
674,32,4824,58.73,Urban,Beton,Tidak,0.0,0
675,50,2944,34.91,Suburban,Campuran,Tidak,0.0,0
676,51,3868,31.57,Suburban,Kayu,Ya,0.0,0
677,38,3062,27.38,Rural,Campuran,Ya,0.0,0
678,57,2910,32.84,Suburban,Beton,Ya,0.0,0
679,41,3381,66.57,Suburban,Beton,Ya,0.0,0
680,70,918,10.54,Rural,Beton,Ya,0.0,0
681,27,1325,16.55,Suburban,Campuran,Ya,0.0,0
682,72,4335,41.18,Rural,Kayu,Tidak,0.0,0
683,54,490,4.03,Suburban,Beton,Ya,0.0,0
684,71,888,9.24,Suburban,Kayu,Ya,0.0,0
685,69,2211,39.82,Suburban,Beton,Ya,0.0,0
686,30,4825,95.01,Rural,Kayu,Ya,0.0,0
687,38,4281,26.44,Suburban,Kayu,Ya,0.0,0
688,47,1286,14.57,Urban,Kayu,Tidak,0.0,0
689,43,684,6.67,Urban,Beton,Ya,0.0,0
690,35,3339,63.71,Suburban,Campuran,Tidak,0.0,0
691,51,3788,26.04,Suburban,Beton,Tidak,0.0,0
692,34,755,4.5,Urban,Beton,Ya,0.0,0
693,53,540,10.77,Urban,Kayu,Ya,0.0,0
694,57,1372,13.23,Urban,Kayu,Tidak,0.0,0
695,36,3730,28.2,Rural,Beton,Ya,2050.71,0
696,73,4000,36.34,Suburban,Campuran,Ya,0.0,0
697,62,4517,73.33,Urban,Kayu,Ya,0.0,0
698,45,4388,44.79,Rural,Kayu,Ya,0.0,0
699,69,833,6.11,Suburban,Beton,Ya,555.05,0
700,26,2917,54.93,Suburban,Beton,Ya,0.0,0
701,48,2554,35.64,Urban,Kayu,Tidak,0.0,0
702,53,3160,34.51,Urban,Beton,Ya,0.0,0
703,65,3292,47.34,Suburban,Beton,Ya,0.0,0
704,69,2327,21.02,Suburban,Kayu,Ya,0.0,0
705,22,1594,22.74,Urban,Beton,Ya,0.0,0
706,57,4130,80.72,Urban,Beton,Ya,4050.01,1
707,26,3691,19.27,Rural,Beton,Ya,0.0,0
708,44,2652,44.74,Suburban,Campuran,Ya,0.0,0
709,71,1296,17.04,Urban,Beton,Ya,0.0,0
710,75,2148,35.49,Suburban,Campuran,Ya,0.0,0
711,67,3728,44.41,Urban,Kayu,Ya,0.0,0
712,51,1807,34.41,Suburban,Beton,Tidak,0.0,0
713,64,445,3.92,Rural,Campuran,Ya,0.0,0
714,30,3052,20.43,Urban,Campuran,Ya,0.0,0
715,38,223,2.44,Urban,Kayu,Ya,0.0,0
716,20,4860,51.37,Rural,Beton,Ya,1994.49,1
717,57,2872,20.99,Rural,Beton,Ya,0.0,0
718,24,1130,19.02,Suburban,Beton,Tidak,0.0,0
719,69,3693,38.31,Rural,Beton,Ya,0.0,0
720,75,423,5.56,Suburban,Kayu,Ya,0.0,0
721,54,1628,14.86,Rural,Beton,Tidak,0.0,0
722,73,4642,43.8,Urban,Beton,Ya,0.0,0
723,41,3819,61.12,Urban,Kayu,Ya,0.0,0
724,57,3082,45.84,Rural,Beton,Tidak,0.0,0
725,42,1655,12.1,Rural,Kayu,Tidak,0.0,0
726,44,2738,15.49,Urban,Beton,Ya,0.0,0
727,29,356,1.95,Urban,Beton,Ya,0.0,0
728,42,4113,23.59,Rural,Kayu,Ya,0.0,0
729,63,680,8.41,Urban,Campuran,Ya,0.0,0
730,23,3934,75.04,Rural,Beton,Ya,0.0,0
731,41,577,3.49,Rural,Beton,Ya,0.0,0
732,31,4355,46.95,Urban,Beton,Ya,0.0,0
733,60,2137,34.7,Rural,Kayu,Ya,0.0,0
734,24,4823,55.01,Suburban,Kayu,Tidak,0.0,0
735,68,1577,11.63,Rural,Beton,Ya,0.0,0
736,46,2986,52.77,Suburban,Kayu,Tidak,0.0,0
737,58,3627,47.82,Rural,Beton,Ya,0.0,0
738,53,2181,23.9,Suburban,Campuran,Ya,0.0,0
739,36,4980,47.45,Urban,Kayu,Tidak,0.0,0
740,32,1859,28.53,Suburban,Beton,Tidak,0.0,0
741,53,4288,27.5,Rural,Kayu,Ya,0.0,0
742,27,1233,10.47,Suburban,Beton,Ya,0.0,0
743,23,4773,29.39,Suburban,Kayu,Ya,0.0,0
744,48,1516,20.68,Suburban,Campuran,Ya,0.0,0
745,56,2560,15.81,Urban,Kayu,Ya,2149.46,1
746,70,3657,60.54,Suburban,Campuran,Ya,0.0,0
747,72,193,1.85,Rural,Kayu,Ya,130.84,1
748,50,1908,20.78,Urban,Beton,Tidak,0.0,0
749,56,4812,80.82,Rural,Beton,Ya,0.0,0
750,39,776,8.53,Suburban,Kayu,Ya,505.39,0
751,26,1204,17.8,Suburban,Kayu,Ya,0.0,0
752,57,4394,50.32,Urban,Beton,Ya,0.0,0
753,54,833,8.52,Urban,Kayu,Ya,0.0,0
754,56,298,5.16,Suburban,Beton,Ya,0.0,0
755,57,1294,10.35,Suburban,Beton,Tidak,0.0,0
756,66,802,11.48,Urban,Kayu,Ya,0.0,0
757,71,2456,23.52,Urban,Beton,Tidak,0.0,0
758,39,1812,23.28,Rural,Kayu,Ya,0.0,0
759,48,1257,17.28,Rural,Kayu,Ya,0.0,0
760,20,2192,33.86,Urban,Beton,Ya,0.0,0
761,47,168,2.99,Urban,Beton,Ya,0.0,0
762,73,983,10.61,Urban,Beton,Tidak,0.0,0
763,50,915,5.78,Suburban,Beton,Ya,0.0,0
764,47,4693,60.73,Rural,Beton,Ya,0.0,0
765,43,1386,19.93,Urban,Beton,Ya,0.0,0
766,50,2359,43.3,Urban,Kayu,Tidak,0.0,0
767,19,4646,50.61,Suburban,Beton,Ya,0.0,0
768,64,3231,46.47,Rural,Campuran,Ya,0.0,0
769,33,4793,67.49,Urban,Beton,Ya,0.0,0
770,26,1793,30.48,Rural,Beton,Ya,0.0,0
771,37,4391,72.67,Urban,Beton,Tidak,0.0,0
772,54,1394,22.01,Suburban,Beton,Ya,0.0,0
773,71,1292,25.31,Rural,Beton,Ya,0.0,0
774,37,3729,70.85,Rural,Campuran,Tidak,0.0,0
775,67,1639,32.43,Urban,Beton,Ya,0.0,0
776,56,4745,72.65,Rural,Beton,Ya,0.0,0
777,62,4004,62.78,Urban,Kayu,Ya,0.0,0
778,72,3274,27.48,Suburban,Beton,Ya,0.0,0
779,18,2310,18.58,Suburban,Beton,Ya,0.0,0
780,29,3698,43.87,Rural,Beton,Ya,0.0,0
781,43,442,4.28,Rural,Kayu,Ya,0.0,0
782,65,4785,74.46,Rural,Kayu,Ya,1801.65,1
783,74,447,7.16,Urban,Kayu,Ya,0.0,0
784,51,503,4.81,Urban,Beton,Ya,0.0,0
785,47,1463,22.46,Suburban,Beton,Tidak,0.0,0
786,47,3800,63.39,Urban,Kayu,Ya,0.0,0
787,62,4576,24.59,Urban,Beton,Ya,0.0,0
788,75,1754,25.83,Suburban,Beton,Ya,0.0,0
789,28,1112,11.61,Urban,Beton,Ya,0.0,0
790,42,4291,45.95,Rural,Campuran,Ya,0.0,0
791,39,4732,33.92,Rural,Campuran,Ya,0.0,0
792,21,3537,41.36,Suburban,Beton,Tidak,0.0,0
793,25,1177,6.1,Urban,Beton,Tidak,0.0,0
794,49,4552,37.57,Urban,Kayu,Ya,0.0,0
795,47,3459,29.99,Suburban,Beton,Ya,0.0,0
796,57,4667,69.07,Urban,Beton,Ya,4189.47,0
797,71,2544,28.63,Suburban,Campuran,Ya,0.0,0
798,61,2429,33.0,Rural,Kayu,Ya,0.0,0
799,47,4842,45.95,Suburban,Campuran,Ya,0.0,0
800,42,654,7.89,Suburban,Campuran,Ya,0.0,0
801,73,2348,36.25,Suburban,Kayu,Ya,0.0,0
802,24,4780,30.19,Rural,Campuran,Ya,0.0,0
803,56,2452,31.58,Suburban,Kayu,Ya,0.0,0
804,40,1162,16.82,Rural,Kayu,Ya,0.0,0
805,29,2006,13.59,Rural,Beton,Ya,0.0,0
806,68,1066,21.3,Rural,Campuran,Tidak,0.0,0
807,39,2964,43.3,Rural,Campuran,Ya,0.0,0
808,34,655,10.81,Suburban,Beton,Ya,0.0,0
809,39,2896,15.74,Suburban,Kayu,Ya,0.0,0
810,39,2868,15.87,Rural,Beton,Ya,0.0,0
811,27,3873,66.66,Rural,Campuran,Ya,0.0,0
812,21,4368,58.22,Suburban,Kayu,Ya,3075.85,1
813,74,2996,16.38,Urban,Campuran,Ya,0.0,0
814,58,4476,62.34,Urban,Kayu,Ya,0.0,0
815,66,2625,23.82,Rural,Campuran,Tidak,2399.08,1
816,71,2579,27.37,Urban,Kayu,Ya,1138.55,1
817,50,304,3.07,Suburban,Campuran,Ya,0.0,0
818,73,4389,79.34,Suburban,Kayu,Ya,0.0,0
819,51,1187,18.64,Urban,Kayu,Ya,0.0,0
820,18,2647,16.69,Urban,Kayu,Ya,0.0,0
821,20,944,5.04,Rural,Kayu,Tidak,0.0,0
822,58,1819,23.62,Suburban,Beton,Ya,0.0,0
823,60,1063,5.56,Suburban,Beton,Ya,0.0,0
824,50,938,8.5,Urban,Kayu,Ya,0.0,0
825,69,2420,34.36,Rural,Beton,Ya,0.0,0
826,46,515,2.96,Urban,Beton,Tidak,0.0,0
827,23,3593,49.91,Suburban,Beton,Ya,0.0,0
828,62,3752,29.91,Rural,Beton,Ya,0.0,0
829,69,4470,53.57,Urban,Campuran,Tidak,0.0,0
830,70,3936,61.61,Urban,Beton,Ya,0.0,0
831,32,1933,36.13,Urban,Campuran,Ya,0.0,0
832,62,2806,34.04,Suburban,Beton,Ya,0.0,0
833,47,1499,10.36,Suburban,Kayu,Ya,0.0,0
834,70,976,9.3,Suburban,Kayu,Ya,0.0,0
835,55,3486,68.35,Urban,Kayu,Ya,0.0,0
836,39,1805,20.81,Rural,Kayu,Tidak,0.0,0
837,52,2034,38.57,Urban,Kayu,Ya,0.0,0
838,49,1036,6.7,Rural,Kayu,Ya,0.0,0
839,37,3424,47.75,Urban,Kayu,Ya,0.0,0
840,38,4149,71.59,Rural,Kayu,Ya,0.0,0
841,75,101,0.95,Urban,Kayu,Ya,0.0,0
842,46,1702,23.07,Urban,Kayu,Ya,0.0,0
843,37,3661,23.21,Rural,Campuran,Ya,3626.2,1
844,26,2509,14.54,Urban,Beton,Ya,0.0,0
845,70,3042,25.94,Urban,Campuran,Tidak,0.0,0
846,43,2706,35.66,Rural,Beton,Ya,0.0,0
847,48,1239,12.89,Urban,Kayu,Tidak,0.0,0
848,36,1128,8.08,Urban,Beton,Ya,0.0,0
849,60,3677,41.32,Urban,Beton,Ya,0.0,0
850,68,3587,47.64,Rural,Beton,Ya,0.0,0
851,40,1949,24.31,Urban,Beton,Ya,0.0,0
852,63,4210,44.22,Suburban,Beton,Ya,0.0,0
853,54,4058,78.83,Rural,Beton,Ya,3291.56,1
854,72,2389,33.81,Suburban,Kayu,Ya,0.0,0
855,58,739,7.16,Rural,Kayu,Tidak,399.42,1
856,67,188,2.56,Suburban,Beton,Tidak,0.0,0
857,40,2513,35.09,Suburban,Beton,Ya,0.0,0
858,68,4717,35.55,Suburban,Beton,Ya,4685.19,0
859,57,323,1.99,Suburban,Beton,Ya,0.0,0
860,34,1185,6.18,Rural,Beton,Tidak,0.0,0
861,29,4947,84.68,Rural,Beton,Ya,0.0,0
862,62,2034,11.18,Suburban,Beton,Ya,0.0,0
863,27,4978,55.72,Urban,Campuran,Tidak,0.0,0
864,60,3705,59.34,Rural,Kayu,Ya,0.0,0
865,59,2265,27.5,Urban,Beton,Ya,0.0,0
866,66,4462,54.07,Urban,Beton,Tidak,0.0,0
867,73,3661,39.28,Urban,Beton,Tidak,0.0,0
868,51,436,8.43,Urban,Campuran,Ya,0.0,0
869,59,2333,20.6,Suburban,Beton,Tidak,0.0,0
870,47,2080,26.62,Rural,Kayu,Tidak,0.0,0
871,29,2666,16.05,Rural,Beton,Ya,0.0,0
872,51,951,8.8,Rural,Beton,Ya,0.0,0
873,19,853,14.95,Urban,Campuran,Ya,0.0,0
874,58,1097,15.44,Rural,Campuran,Ya,0.0,0
875,66,4737,41.69,Urban,Campuran,Ya,0.0,0
876,22,3814,57.26,Suburban,Kayu,Ya,0.0,0
877,34,1426,15.44,Urban,Beton,Ya,0.0,0
878,34,2268,42.93,Urban,Beton,Ya,0.0,0
879,29,4130,34.18,Urban,Beton,Tidak,0.0,0
880,46,2221,35.34,Urban,Beton,Ya,0.0,0
881,19,4177,23.26,Urban,Kayu,Ya,0.0,0
882,27,2801,53.5,Suburban,Kayu,Ya,0.0,0
883,45,3408,44.65,Rural,Kayu,Tidak,3298.63,1
884,70,4049,42.04,Urban,Kayu,Tidak,0.0,0
885,43,552,5.79,Rural,Campuran,Ya,0.0,0
886,39,759,6.11,Suburban,Kayu,Ya,0.0,0
887,42,1664,24.06,Suburban,Kayu,Tidak,0.0,0
888,23,3687,19.84,Rural,Beton,Ya,0.0,0
889,33,4107,39.49,Suburban,Beton,Ya,0.0,0
890,71,3780,63.57,Urban,Beton,Ya,1446.72,0
891,60,4385,57.22,Suburban,Campuran,Tidak,0.0,0
892,32,690,3.65,Urban,Kayu,Ya,0.0,0
893,57,475,3.6,Urban,Kayu,Ya,244.69,0
894,47,1498,10.06,Rural,Beton,Tidak,0.0,0
895,57,1906,32.73,Urban,Campuran,Ya,0.0,0
896,61,3393,44.75,Suburban,Beton,Ya,0.0,0
897,68,1846,12.57,Urban,Kayu,Ya,0.0,0
898,44,1476,12.77,Rural,Beton,Ya,0.0,0
899,26,918,4.81,Rural,Kayu,Tidak,0.0,0
900,18,159,2.21,Urban,Campuran,Tidak,0.0,0
901,62,3999,36.25,Rural,Beton,Ya,0.0,0
902,33,1529,24.09,Rural,Kayu,Ya,0.0,0
903,23,2567,20.22,Suburban,Beton,Ya,0.0,0
904,24,3064,44.11,Rural,Kayu,Ya,0.0,0
905,21,1686,32.93,Urban,Kayu,Ya,0.0,0
906,29,1408,14.73,Rural,Campuran,Ya,0.0,0
907,34,2838,16.03,Rural,Campuran,Tidak,0.0,0
908,52,1540,10.38,Urban,Kayu,Ya,0.0,0
909,64,3743,60.66,Rural,Kayu,Ya,0.0,0
910,32,1002,11.21,Suburban,Beton,Ya,0.0,0
911,75,1907,35.01,Urban,Beton,Ya,0.0,0
912,57,3827,60.46,Urban,Beton,Ya,0.0,0
913,35,1756,10.35,Suburban,Beton,Ya,0.0,0
914,72,3913,32.47,Suburban,Beton,Tidak,0.0,0
915,28,1492,9.4,Rural,Campuran,Tidak,0.0,0
916,49,1873,9.77,Rural,Beton,Ya,0.0,0
917,73,2120,38.96,Urban,Beton,Ya,0.0,0
918,27,4799,95.35,Urban,Beton,Ya,0.0,0
919,50,375,6.36,Suburban,Kayu,Ya,0.0,0
920,46,4157,64.01,Urban,Beton,Tidak,0.0,0
921,31,1187,7.55,Suburban,Beton,Ya,0.0,0
922,37,1425,19.6,Rural,Beton,Ya,0.0,0
923,47,1235,13.04,Rural,Beton,Tidak,0.0,0
924,58,111,1.11,Rural,Beton,Tidak,66.39,1
925,57,4543,28.23,Rural,Kayu,Tidak,0.0,0
926,65,549,10.06,Rural,Campuran,Ya,0.0,0
927,41,3912,57.59,Rural,Beton,Ya,0.0,0
928,53,1777,11.91,Urban,Campuran,Ya,0.0,0
929,66,4852,40.67,Rural,Beton,Tidak,0.0,0
930,35,4225,44.75,Rural,Beton,Ya,0.0,0
931,50,4414,76.72,Urban,Beton,Ya,0.0,0
932,46,3115,59.54,Rural,Campuran,Tidak,2879.29,1
933,23,3300,21.91,Urban,Beton,Tidak,0.0,0
934,62,1312,25.3,Suburban,Beton,Ya,776.15,0
935,26,3982,21.19,Suburban,Beton,Tidak,0.0,0
936,19,2003,20.31,Rural,Kayu,Ya,0.0,0
937,38,4082,53.99,Rural,Kayu,Ya,0.0,0
938,54,1180,14.47,Suburban,Beton,Ya,0.0,0
939,67,487,3.65,Urban,Beton,Ya,0.0,0
940,63,4485,70.06,Suburban,Beton,Ya,0.0,0
941,68,1357,13.23,Urban,Beton,Ya,0.0,0
942,34,3128,46.87,Urban,Beton,Tidak,0.0,0
943,27,3154,30.04,Suburban,Kayu,Ya,0.0,0
944,43,4191,30.77,Urban,Campuran,Tidak,0.0,0
945,52,4256,78.48,Suburban,Kayu,Ya,0.0,0
946,66,4799,89.28,Rural,Beton,Ya,0.0,0
947,62,1020,15.47,Rural,Beton,Ya,0.0,0
948,19,3390,21.65,Rural,Campuran,Ya,2538.83,1
949,32,2376,27.76,Urban,Beton,Ya,0.0,0
950,23,4292,60.41,Suburban,Beton,Ya,0.0,0
951,60,3057,32.23,Suburban,Beton,Tidak,0.0,0
952,36,2925,39.24,Suburban,Beton,Ya,0.0,0
953,74,3739,34.88,Rural,Campuran,Tidak,0.0,0
954,75,3572,49.32,Rural,Campuran,Ya,1591.14,1
955,73,4403,71.95,Suburban,Beton,Tidak,2582.9,0
956,44,1532,28.68,Rural,Beton,Ya,0.0,0
957,71,3227,56.13,Suburban,Kayu,Ya,0.0,0
958,37,4147,69.95,Rural,Kayu,Ya,0.0,0
959,37,3971,44.7,Urban,Kayu,Tidak,0.0,0
960,62,2104,41.9,Urban,Beton,Ya,1729.27,1
961,54,3672,56.6,Suburban,Kayu,Ya,0.0,0
962,50,4812,28.28,Urban,Campuran,Ya,0.0,0
963,74,1209,13.65,Suburban,Beton,Ya,0.0,0
964,40,499,3.07,Suburban,Beton,Ya,0.0,0
965,58,1601,15.75,Urban,Kayu,Ya,0.0,0
966,72,2566,16.52,Suburban,Kayu,Ya,0.0,0
967,70,1277,21.3,Urban,Beton,Ya,0.0,0
968,28,939,7.35,Urban,Beton,Ya,0.0,0
969,57,4406,75.07,Rural,Kayu,Tidak,0.0,0
970,22,1054,10.2,Urban,Campuran,Ya,0.0,0
971,70,3720,28.21,Rural,Kayu,Tidak,0.0,0
972,65,1071,16.41,Urban,Beton,Ya,0.0,0
973,31,1166,7.78,Urban,Beton,Tidak,745.05,1
974,30,983,5.79,Urban,Kayu,Ya,0.0,0
975,34,454,2.93,Urban,Beton,Ya,0.0,0
976,56,1782,18.31,Rural,Campuran,Ya,1589.73,0
977,55,2949,46.97,Suburban,Beton,Ya,0.0,0
978,54,659,8.52,Urban,Campuran,Tidak,0.0,0
979,36,1507,28.43,Rural,Beton,Tidak,0.0,0
980,72,3988,60.23,Suburban,Kayu,Ya,0.0,0
981,71,3006,33.41,Suburban,Beton,Ya,0.0,0
982,38,1112,18.27,Suburban,Beton,Ya,0.0,0
983,53,432,4.0,Urban,Beton,Ya,0.0,0
984,37,3736,66.61,Urban,Kayu,Ya,0.0,0
985,22,3996,60.39,Rural,Beton,Ya,0.0,0
986,43,3688,26.37,Rural,Kayu,Ya,0.0,0
987,55,933,5.57,Rural,Campuran,Tidak,0.0,0
988,39,1740,14.78,Rural,Campuran,Ya,0.0,0
989,49,2381,38.92,Rural,Kayu,Ya,0.0,0
990,43,3017,59.78,Suburban,Kayu,Tidak,0.0,0
991,27,3824,32.36,Urban,Beton,Ya,0.0,0
992,19,915,13.88,Rural,Beton,Ya,0.0,0
993,42,2778,45.57,Urban,Beton,Ya,0.0,0
994,51,4132,51.05,Suburban,Beton,Ya,0.0,0
995,39,4528,89.93,Rural,Beton,Tidak,0.0,0
996,25,3242,38.56,Suburban,Beton,Ya,2235.9,0
997,37,1444,15.65,Suburban,Beton,Ya,0.0,0
998,54,4118,49.61,Rural,Kayu,Ya,0.0,0
999,28,4250,83.14,Urban,Beton,Ya,0.0,0
1000,40,2430,16.82,Suburban,Beton,Ya,0.0,0
